estacao,t_offset_h,timestamp,tipo,vazao_m3s,salinidade_psu,nivel_m,od_mgL,temperatura_C
P1,-240,2026-06-16 06:00,observado,4.544,6.834,1.051,7.470,19.149
P1,-239,2026-06-16 07:00,observado,4.585,7.419,1.154,7.553,19.180
P1,-238,2026-06-16 08:00,observado,4.834,8.416,1.298,7.626,19.302
P1,-237,2026-06-16 09:00,observado,4.946,9.066,1.358,7.616,19.584
P1,-236,2026-06-16 10:00,observado,4.983,8.846,1.292,7.488,19.860
P1,-235,2026-06-16 11:00,observado,4.670,7.947,1.155,7.302,20.147
P1,-234,2026-06-16 12:00,observado,4.216,6.520,0.958,7.111,20.431
P1,-233,2026-06-16 13:00,observado,3.799,5.293,0.755,6.931,20.774
P1,-232,2026-06-16 14:00,observado,3.462,4.263,0.592,6.771,21.139
P1,-231,2026-06-16 15:00,observado,3.326,3.835,0.515,6.658,21.440
P1,-230,2026-06-16 16:00,observado,3.270,4.236,0.531,6.561,21.702
P1,-229,2026-06-16 17:00,observado,3.568,5.097,0.660,6.558,21.778
P1,-228,2026-06-16 18:00,observado,3.883,6.527,0.838,6.653,21.881
P1,-227,2026-06-16 19:00,observado,4.385,7.651,1.065,6.780,21.777
P1,-226,2026-06-16 20:00,observado,4.804,8.795,1.234,6.941,21.705
P1,-225,2026-06-16 21:00,observado,5.142,9.227,1.333,7.093,21.406
P1,-224,2026-06-16 22:00,observado,5.197,9.098,1.332,7.211,21.146
P1,-223,2026-06-16 23:00,observado,4.840,8.517,1.231,7.194,20.759
P1,-222,2026-06-17 00:00,observado,4.447,7.309,1.061,7.127,20.486
P1,-221,2026-06-17 01:00,observado,3.945,6.090,0.847,7.076,20.131
P1,-220,2026-06-17 02:00,observado,3.592,4.796,0.655,7.094,19.857
P1,-219,2026-06-17 03:00,observado,3.337,3.944,0.532,7.087,19.529
P1,-218,2026-06-17 04:00,observado,3.362,3.812,0.509,7.133,19.373
P1,-217,2026-06-17 05:00,observado,3.708,4.108,0.595,7.189,19.192
P1,-216,2026-06-17 06:00,observado,4.011,5.167,0.759,7.280,19.175
P1,-215,2026-06-17 07:00,observado,4.451,6.165,0.959,7.377,19.130
P1,-214,2026-06-17 08:00,observado,4.537,7.434,1.145,7.518,19.251
P1,-213,2026-06-17 09:00,observado,4.800,8.441,1.274,7.532,19.415
P1,-212,2026-06-17 10:00,observado,4.814,8.980,1.307,7.489,19.838
P1,-211,2026-06-17 11:00,observado,4.844,8.771,1.253,7.322,20.213
P1,-210,2026-06-17 12:00,observado,4.618,7.881,1.115,7.256,20.576
P1,-209,2026-06-17 13:00,observado,4.205,6.589,0.932,7.079,20.830
P1,-208,2026-06-17 14:00,observado,3.893,5.502,0.738,6.923,21.178
P1,-207,2026-06-17 15:00,observado,3.595,4.610,0.575,6.685,21.457
P1,-206,2026-06-17 16:00,observado,3.431,4.344,0.506,6.651,21.750
P1,-205,2026-06-17 17:00,observado,3.451,4.477,0.541,6.694,21.864
P1,-204,2026-06-17 18:00,observado,3.659,5.303,0.687,6.865,21.929
P1,-203,2026-06-17 19:00,observado,4.090,6.466,0.890,6.973,21.822
P1,-202,2026-06-17 20:00,observado,4.462,7.808,1.115,6.998,21.699
P1,-201,2026-06-17 21:00,observado,4.750,8.749,1.275,7.086,21.507
P1,-200,2026-06-17 22:00,observado,4.948,9.249,1.345,7.106,21.267
P1,-199,2026-06-17 23:00,observado,4.902,9.057,1.305,7.197,21.002
P1,-198,2026-06-18 00:00,observado,4.680,8.346,1.201,7.130,20.591
P1,-197,2026-06-18 01:00,observado,4.330,6.960,1.024,7.123,20.175
P1,-196,2026-06-18 02:00,observado,4.007,5.342,0.812,7.142,19.763
P1,-195,2026-06-18 03:00,observado,3.686,4.062,0.619,7.164,19.483
P1,-194,2026-06-18 04:00,observado,3.374,3.402,0.515,7.177,19.255
P1,-193,2026-06-18 05:00,observado,3.223,3.527,0.517,7.089,19.101
P1,-192,2026-06-18 06:00,observado,3.430,4.219,0.617,7.224,19.067
P1,-191,2026-06-18 07:00,observado,3.845,5.466,0.786,7.269,19.167
P1,-190,2026-06-18 08:00,observado,4.422,6.801,0.997,7.430,19.345
P1,-189,2026-06-18 09:00,observado,4.837,7.906,1.177,7.372,19.669
P1,-188,2026-06-18 10:00,observado,5.051,8.664,1.299,7.399,20.005
P1,-187,2026-06-18 11:00,observado,5.029,8.799,1.307,7.298,20.363
P1,-186,2026-06-18 12:00,observado,4.814,8.642,1.233,7.273,20.596
P1,-185,2026-06-18 13:00,observado,4.517,7.585,1.068,7.077,20.911
P1,-184,2026-06-18 14:00,observado,4.145,6.399,0.889,6.902,21.211
P1,-183,2026-06-18 15:00,observado,3.833,4.976,0.688,6.685,21.524
P1,-182,2026-06-18 16:00,observado,3.584,4.293,0.555,6.651,21.668
P1,-181,2026-06-18 17:00,observado,3.492,4.259,0.504,6.631,21.843
P1,-180,2026-06-18 18:00,observado,3.526,4.747,0.569,6.686,21.960
P1,-179,2026-06-18 19:00,observado,3.762,5.694,0.725,6.714,21.939
P1,-178,2026-06-18 20:00,observado,4.105,6.921,0.922,6.799,21.742
P1,-177,2026-06-18 21:00,observado,4.485,8.130,1.120,6.891,21.461
P1,-176,2026-06-18 22:00,observado,4.829,8.919,1.258,7.049,21.158
P1,-175,2026-06-18 23:00,observado,5.045,9.086,1.325,7.103,20.868
P1,-174,2026-06-19 00:00,observado,4.951,8.713,1.296,7.166,20.490
P1,-173,2026-06-19 01:00,observado,4.624,7.940,1.178,7.145,20.182
P1,-172,2026-06-19 02:00,observado,4.198,6.634,0.978,7.268,19.783
P1,-171,2026-06-19 03:00,observado,3.969,5.416,0.775,7.224,19.551
P1,-170,2026-06-19 04:00,observado,3.633,4.220,0.610,7.163,19.301
P1,-169,2026-06-19 05:00,observado,3.394,3.810,0.528,7.095,19.223
P1,-168,2026-06-19 06:00,observado,3.284,3.658,0.539,7.174,19.184
P1,-167,2026-06-19 07:00,observado,3.563,4.499,0.647,7.332,19.265
P1,-166,2026-06-19 08:00,observado,3.958,5.523,0.833,7.384,19.372
P1,-165,2026-06-19 09:00,observado,4.407,7.217,1.045,7.349,19.542
P1,-164,2026-06-19 10:00,observado,4.722,8.289,1.206,7.333,19.812
P1,-163,2026-06-19 11:00,observado,4.857,9.071,1.310,7.354,20.102
P1,-162,2026-06-19 12:00,observado,4.853,9.126,1.311,7.350,20.477
P1,-161,2026-06-19 13:00,observado,4.670,8.602,1.220,7.193,20.841
P1,-160,2026-06-19 14:00,observado,4.440,7.635,1.041,6.987,21.180
P1,-159,2026-06-19 15:00,observado,4.011,6.200,0.825,6.772,21.412
P1,-158,2026-06-19 16:00,observado,3.691,5.231,0.647,6.666,21.570
P1,-157,2026-06-19 17:00,observado,3.400,4.398,0.534,6.562,21.726
P1,-156,2026-06-19 18:00,observado,3.304,4.328,0.519,6.577,21.867
P1,-155,2026-06-19 19:00,observado,3.396,4.757,0.605,6.649,21.875
P1,-154,2026-06-19 20:00,observado,3.776,5.718,0.772,6.846,21.718
P1,-153,2026-06-19 21:00,observado,4.128,7.000,0.967,7.048,21.437
P1,-152,2026-06-19 22:00,observado,4.582,8.207,1.156,7.185,21.198
P1,-151,2026-06-19 23:00,observado,4.832,9.158,1.287,7.347,20.883
P1,-150,2026-06-20 00:00,observado,5.085,9.416,1.338,7.436,20.533
P1,-149,2026-06-20 01:00,observado,4.860,8.967,1.270,7.461,20.100
P1,-148,2026-06-20 02:00,observado,4.558,7.793,1.122,7.392,19.840
P1,-147,2026-06-20 03:00,observado,4.123,6.388,0.910,7.274,19.556
P1,-146,2026-06-20 04:00,observado,3.756,4.824,0.718,7.245,19.355
P1,-145,2026-06-20 05:00,observado,3.542,3.933,0.565,7.194,19.197
P1,-144,2026-06-20 06:00,observado,3.344,3.355,0.519,7.129,19.176
P1,-143,2026-06-20 07:00,observado,3.441,3.808,0.558,7.136,19.260
P1,-142,2026-06-20 08:00,observado,3.734,4.692,0.687,7.147,19.382
P1,-141,2026-06-20 09:00,observado,4.235,6.069,0.879,7.270,19.673
P1,-140,2026-06-20 10:00,observado,4.734,7.306,1.084,7.267,19.976
P1,-139,2026-06-20 11:00,observado,4.972,8.357,1.240,7.303,20.257
P1,-138,2026-06-20 12:00,observado,5.014,8.665,1.313,7.309,20.552
P1,-137,2026-06-20 13:00,observado,4.804,8.740,1.294,7.289,20.854
P1,-136,2026-06-20 14:00,observado,4.592,8.126,1.180,7.211,21.240
P1,-135,2026-06-20 15:00,observado,4.374,7.421,1.000,7.041,21.479
P1,-134,2026-06-20 16:00,observado,4.065,6.052,0.788,6.858,21.713
P1,-133,2026-06-20 17:00,observado,3.659,4.806,0.622,6.663,21.810
P1,-132,2026-06-20 18:00,observado,3.366,4.039,0.533,6.511,21.861
P1,-131,2026-06-20 19:00,observado,3.380,3.959,0.530,6.518,21.753
P1,-130,2026-06-20 20:00,observado,3.657,4.877,0.630,6.582,21.618
P1,-129,2026-06-20 21:00,observado,4.074,5.879,0.796,6.826,21.375
P1,-128,2026-06-20 22:00,observado,4.540,7.226,1.005,6.955,21.147
P1,-127,2026-06-20 23:00,observado,4.806,8.195,1.190,7.179,20.835
P1,-126,2026-06-21 00:00,observado,5.003,9.031,1.323,7.296,20.493
P1,-125,2026-06-21 01:00,observado,4.999,9.188,1.348,7.387,20.157
P1,-124,2026-06-21 02:00,observado,4.882,8.602,1.268,7.439,19.857
P1,-123,2026-06-21 03:00,observado,4.425,7.388,1.094,7.368,19.578
P1,-122,2026-06-21 04:00,observado,3.959,5.995,0.889,7.310,19.305
P1,-121,2026-06-21 05:00,observado,3.648,4.788,0.679,7.171,19.103
P1,-120,2026-06-21 06:00,observado,3.678,3.807,0.559,7.057,19.050
P1,-119,2026-06-21 07:00,observado,3.935,3.164,0.541,6.859,19.147
P1,-118,2026-06-21 08:00,observado,4.421,2.970,0.635,6.738,19.368
P1,-117,2026-06-21 09:00,observado,4.924,3.599,0.798,6.702,19.640
P1,-116,2026-06-21 10:00,observado,5.285,4.905,1.007,6.791,19.889
P1,-115,2026-06-21 11:00,observado,5.494,6.261,1.224,6.915,20.204
P1,-114,2026-06-21 12:00,observado,5.483,7.806,1.351,7.004,20.499
P1,-113,2026-06-21 13:00,observado,5.387,8.706,1.393,7.109,20.848
P1,-112,2026-06-21 14:00,observado,5.092,9.162,1.322,7.082,21.121
P1,-111,2026-06-21 15:00,observado,4.657,8.535,1.175,6.993,21.470
P1,-110,2026-06-21 16:00,observado,4.202,7.346,0.966,6.831,21.702
P1,-109,2026-06-21 17:00,observado,3.813,5.900,0.763,6.710,21.888
P1,-108,2026-06-21 18:00,observado,3.543,4.793,0.605,6.665,21.892
P1,-107,2026-06-21 19:00,observado,3.417,4.334,0.524,6.610,21.899
P1,-106,2026-06-21 20:00,observado,3.377,4.346,0.533,6.609,21.711
P1,-105,2026-06-21 21:00,observado,3.643,5.288,0.650,6.651,21.421
P1,-104,2026-06-21 22:00,observado,4.084,6.256,0.847,6.886,21.101
P1,-103,2026-06-21 23:00,observado,4.622,7.660,1.062,7.125,20.809
P1,-102,2026-06-22 00:00,observado,4.935,8.458,1.248,7.344,20.519
P1,-101,2026-06-22 01:00,observado,5.049,9.063,1.342,7.495,20.086
P1,-100,2026-06-22 02:00,observado,4.950,9.014,1.336,7.545,19.759
P1,-99,2026-06-22 03:00,observado,4.719,8.311,1.230,7.520,19.535
P1,-98,2026-06-22 04:00,observado,4.287,7.262,1.051,7.446,19.368
P1,-97,2026-06-22 05:00,observado,3.898,5.673,0.855,7.250,19.216
P1,-96,2026-06-22 06:00,observado,3.475,4.399,0.654,7.233,19.136
P1,-95,2026-06-22 07:00,observado,3.324,3.526,0.536,7.095,19.260
P1,-94,2026-06-22 08:00,observado,3.307,3.602,0.511,7.117,19.380
P1,-93,2026-06-22 09:00,observado,3.600,4.131,0.607,7.103,19.607
P1,-92,2026-06-22 10:00,observado,3.888,5.289,0.772,7.082,19.842
P1,-91,2026-06-22 11:00,observado,4.251,6.669,0.980,7.147,20.158
P1,-90,2026-06-22 12:00,observado,4.625,8.079,1.157,7.190,20.571
P1,-89,2026-06-22 13:00,observado,5.033,8.928,1.288,7.320,20.893
P1,-88,2026-06-22 14:00,observado,5.178,9.244,1.320,7.273,21.190
P1,-87,2026-06-22 15:00,observado,5.090,8.988,1.269,7.138,21.413
P1,-86,2026-06-22 16:00,observado,4.723,8.142,1.114,6.930,21.637
P1,-85,2026-06-22 17:00,observado,4.207,7.058,0.921,6.781,21.771
P1,-84,2026-06-22 18:00,observado,3.831,5.636,0.718,6.660,21.820
P1,-83,2026-06-22 19:00,observado,3.576,4.614,0.569,6.581,21.742
P1,-82,2026-06-22 20:00,observado,3.513,4.175,0.494,6.618,21.603
P1,-81,2026-06-22 21:00,observado,3.508,4.421,0.546,6.607,21.454
P1,-80,2026-06-22 22:00,observado,3.756,5.200,0.684,6.719,21.222
P1,-79,2026-06-22 23:00,observado,4.122,6.269,0.881,6.921,20.971
P1,-78,2026-06-23 00:00,observado,4.574,7.463,1.081,7.116,20.565
P1,-77,2026-06-23 01:00,observado,4.925,8.285,1.245,7.307,20.194
P1,-76,2026-06-23 02:00,observado,5.079,8.644,1.322,7.366,19.873
P1,-75,2026-06-23 03:00,observado,5.024,8.418,1.290,7.524,19.608
P1,-74,2026-06-23 04:00,observado,4.699,7.693,1.185,7.481,19.393
P1,-73,2026-06-23 05:00,observado,4.296,6.488,0.998,7.450,19.216
P1,-72,2026-06-23 06:00,observado,3.866,5.210,0.797,7.298,19.068
P1,-71,2026-06-23 07:00,observado,3.508,4.222,0.616,7.277,19.116
P1,-70,2026-06-23 08:00,observado,3.418,3.632,0.527,7.212,19.263
P1,-69,2026-06-23 09:00,observado,3.416,3.639,0.537,7.088,19.542
P1,-68,2026-06-23 10:00,observado,3.635,4.340,0.635,7.070,19.797
P1,-67,2026-06-23 11:00,observado,3.901,5.562,0.821,7.024,20.083
P1,-66,2026-06-23 12:00,observado,4.342,6.960,1.025,7.145,20.415
P1,-65,2026-06-23 13:00,observado,4.743,8.169,1.203,7.176,20.802
P1,-64,2026-06-23 14:00,observado,4.999,9.085,1.304,7.198,21.171
P1,-63,2026-06-23 15:00,observado,4.929,9.266,1.314,7.161,21.412
P1,-62,2026-06-23 16:00,observado,4.727,9.024,1.231,7.070,21.579
P1,-61,2026-06-23 17:00,observado,4.327,7.931,1.063,6.985,21.750
P1,-60,2026-06-23 18:00,observado,4.035,6.601,0.866,6.877,21.911
P1,-59,2026-06-23 19:00,observado,3.704,5.180,0.693,6.679,21.882
P1,-58,2026-06-23 20:00,observado,3.587,4.360,0.568,6.499,21.708
P1,-57,2026-06-23 21:00,observado,3.498,4.222,0.526,6.456,21.428
P1,-56,2026-06-23 22:00,observado,3.574,4.513,0.576,6.605,21.143
P1,-55,2026-06-23 23:00,observado,3.714,5.293,0.731,6.817,20.831
P1,-54,2026-06-24 00:00,observado,4.079,6.345,0.934,7.110,20.417
P1,-53,2026-06-24 01:00,observado,4.373,7.563,1.131,7.339,20.147
P1,-52,2026-06-24 02:00,observado,4.746,8.347,1.292,7.539,19.775
P1,-51,2026-06-24 03:00,observado,4.937,8.749,1.349,7.544,19.468
P1,-50,2026-06-24 04:00,observado,5.060,8.331,1.305,7.575,19.238
P1,-49,2026-06-24 05:00,observado,4.764,7.615,1.150,7.508,19.182
P1,-48,2026-06-24 06:00,observado,4.358,6.482,0.954,7.410,19.220
P1,-47,2026-06-24 07:00,observado,3.850,5.278,0.767,7.325,19.170
P1,-46,2026-06-24 08:00,observado,3.575,4.186,0.603,7.263,19.275
P1,-45,2026-06-24 09:00,observado,3.362,3.610,0.522,7.220,19.461
P1,-44,2026-06-24 10:00,observado,3.465,4.002,0.523,7.077,19.814
P1,-43,2026-06-24 11:00,observado,3.686,4.800,0.639,6.973,20.189
P1,-42,2026-06-24 12:00,observado,4.131,6.218,0.827,6.969,20.526
P1,-41,2026-06-24 13:00,observado,4.510,7.402,1.047,7.070,20.903
P1,-40,2026-06-24 14:00,observado,4.815,8.672,1.222,7.176,21.169
P1,-39,2026-06-24 15:00,observado,4.914,9.190,1.315,7.193,21.487
P1,-38,2026-06-24 16:00,observado,4.913,9.252,1.311,7.157,21.703
P1,-37,2026-06-24 17:00,observado,4.738,8.756,1.221,7.057,21.872
P1,-36,2026-06-24 18:00,observado,4.434,7.702,1.047,6.908,22.012
P1,-35,2026-06-24 19:00,observado,4.037,6.498,0.826,6.839,21.892
P1,-34,2026-06-24 20:00,observado,3.606,5.247,0.637,6.753,21.742
P1,-33,2026-06-24 21:00,observado,3.406,4.387,0.514,6.662,21.471
P1,-32,2026-06-24 22:00,observado,3.250,4.149,0.507,6.685,21.274
P1,-31,2026-06-24 23:00,observado,3.513,4.644,0.580,6.853,20.901
P1,-30,2026-06-25 00:00,observado,3.924,5.659,0.749,7.139,20.502
P1,-29,2026-06-25 01:00,observado,4.473,6.773,0.948,7.174,20.063
P1,-28,2026-06-25 02:00,observado,4.796,7.686,1.150,7.358,19.801
P1,-27,2026-06-25 03:00,observado,4.869,8.344,1.295,7.448,19.484
P1,-26,2026-06-25 04:00,observado,4.948,8.405,1.336,7.632,19.266
P1,-25,2026-06-25 05:00,observado,4.918,8.184,1.281,7.504,19.084
P1,-24,2026-06-25 06:00,observado,4.631,7.232,1.127,7.454,19.049
P1,-23,2026-06-25 07:00,observado,4.228,6.288,0.932,7.369,19.130
P1,-22,2026-06-25 08:00,observado,3.773,4.911,0.728,7.293,19.309
P1,-21,2026-06-25 09:00,observado,3.570,4.074,0.572,7.140,19.522
P1,-20,2026-06-25 10:00,observado,3.454,3.635,0.506,7.010,19.834
P1,-19,2026-06-25 11:00,observado,3.493,3.980,0.534,6.952,20.118
P1,-18,2026-06-25 12:00,observado,3.699,5.033,0.678,6.917,20.509
P1,-17,2026-06-25 13:00,observado,4.095,6.475,0.882,6.909,20.824
P1,-16,2026-06-25 14:00,observado,4.610,7.823,1.098,6.980,21.190
P1,-15,2026-06-25 15:00,observado,4.903,8.968,1.240,7.096,21.476
P1,-14,2026-06-25 16:00,observado,4.982,9.426,1.311,7.197,21.757
P1,-13,2026-06-25 17:00,observado,4.899,9.396,1.293,7.082,21.825
P1,-12,2026-06-25 18:00,observado,4.765,8.643,1.196,6.926,21.830
P1,-11,2026-06-25 19:00,observado,4.409,7.415,1.013,6.760,21.767
P1,-10,2026-06-25 20:00,observado,4.050,6.025,0.804,6.803,21.671
P1,-9,2026-06-25 21:00,observado,3.690,4.813,0.628,6.809,21.464
P1,-8,2026-06-25 22:00,observado,3.520,4.067,0.533,6.757,21.204
P1,-7,2026-06-25 23:00,observado,3.486,4.099,0.533,6.712,20.874
P1,-6,2026-06-26 00:00,observado,3.646,4.557,0.632,6.880,20.481
P1,-5,2026-06-26 01:00,observado,3.940,5.697,0.808,7.065,20.097
P1,-4,2026-06-26 02:00,observado,4.246,6.843,1.011,7.325,19.750
P1,-3,2026-06-26 03:00,observado,4.621,8.084,1.199,7.390,19.545
P1,-2,2026-06-26 04:00,observado,4.859,8.811,1.311,7.524,19.321
P1,-1,2026-06-26 05:00,observado,4.937,8.887,1.331,7.501,19.207
P1,0,2026-06-26 06:00,previsto,4.737,8.264,1.257,7.587,19.155
P1,1,2026-06-26 07:00,previsto,4.425,7.171,1.079,7.535,19.214
P1,2,2026-06-26 08:00,previsto,4.151,6.030,0.873,7.400,19.400
P1,3,2026-06-26 09:00,previsto,3.796,4.851,0.671,7.171,19.609
P1,4,2026-06-26 10:00,previsto,3.585,4.186,0.553,6.958,19.896
P1,5,2026-06-26 11:00,previsto,3.406,4.045,0.518,6.907,20.125
P1,6,2026-06-26 12:00,previsto,3.559,4.612,0.574,6.906,20.511
P1,7,2026-06-26 13:00,previsto,3.726,5.517,0.728,7.022,20.862
P1,8,2026-06-26 14:00,previsto,4.183,6.741,0.914,7.057,21.252
P1,9,2026-06-26 15:00,previsto,4.574,8.068,1.103,7.036,21.568
P1,10,2026-06-26 16:00,previsto,4.914,9.116,1.241,7.014,21.743
P1,11,2026-06-26 17:00,previsto,5.004,9.561,1.311,7.001,21.869
P1,12,2026-06-26 18:00,previsto,4.914,9.345,1.282,6.921,21.862
P1,13,2026-06-26 19:00,previsto,4.721,8.412,1.171,6.886,21.893
P1,14,2026-06-26 20:00,previsto,4.315,7.118,0.974,6.903,21.778
P1,15,2026-06-26 21:00,previsto,3.878,5.654,0.766,6.910,21.551
P1,16,2026-06-26 22:00,previsto,3.466,4.696,0.573,6.813,21.178
P1,17,2026-06-26 23:00,previsto,3.342,4.096,0.481,6.719,20.850
P1,18,2026-06-27 00:00,previsto,3.391,4.042,0.504,6.850,20.438
P1,19,2026-06-27 01:00,previsto,3.700,4.538,0.648,7.067,20.144
P1,20,2026-06-27 02:00,previsto,3.961,5.614,0.846,7.261,19.768
P1,21,2026-06-27 03:00,previsto,4.353,6.929,1.063,7.420,19.536
P1,22,2026-06-27 04:00,previsto,4.634,8.081,1.222,7.509,19.254
P1,23,2026-06-27 05:00,previsto,4.818,8.616,1.312,7.585,19.164
P2,-240,2026-06-16 06:00,observado,3.050,2.609,0.755,6.577,19.490
P2,-239,2026-06-16 07:00,observado,3.076,2.709,0.781,6.660,19.542
P2,-238,2026-06-16 08:00,observado,3.117,2.846,0.813,6.588,19.655
P2,-237,2026-06-16 09:00,observado,3.057,2.862,0.807,6.558,19.946
P2,-236,2026-06-16 10:00,observado,2.882,2.448,0.749,6.400,20.229
P2,-235,2026-06-16 11:00,observado,2.636,2.066,0.653,6.403,20.749
P2,-234,2026-06-16 12:00,observado,2.435,1.584,0.552,6.131,21.159
P2,-233,2026-06-16 13:00,observado,2.259,1.391,0.466,5.982,21.654
P2,-232,2026-06-16 14:00,observado,2.211,1.197,0.417,5.891,22.061
P2,-231,2026-06-16 15:00,observado,2.155,1.208,0.411,5.875,22.435
P2,-230,2026-06-16 16:00,observado,2.271,1.592,0.460,5.830,22.695
P2,-229,2026-06-16 17:00,observado,2.409,2.123,0.568,5.769,22.811
P2,-228,2026-06-16 18:00,observado,2.584,2.638,0.673,5.765,22.918
P2,-227,2026-06-16 19:00,observado,2.774,3.049,0.761,5.855,22.918
P2,-226,2026-06-16 20:00,observado,2.918,3.434,0.803,5.848,22.741
P2,-225,2026-06-16 21:00,observado,2.961,3.431,0.813,5.897,22.413
P2,-224,2026-06-16 22:00,observado,2.891,2.980,0.766,5.858,22.054
P2,-223,2026-06-16 23:00,observado,2.651,2.385,0.682,5.991,21.672
P2,-222,2026-06-17 00:00,observado,2.459,1.832,0.584,6.035,21.219
P2,-221,2026-06-17 01:00,observado,2.240,1.447,0.499,6.060,20.744
P2,-220,2026-06-17 02:00,observado,2.097,1.160,0.442,5.987,20.279
P2,-219,2026-06-17 03:00,observado,2.123,0.917,0.421,6.056,19.902
P2,-218,2026-06-17 04:00,observado,2.262,1.045,0.461,6.144,19.653
P2,-217,2026-06-17 05:00,observado,2.486,1.275,0.534,6.396,19.475
P2,-216,2026-06-17 06:00,observado,2.677,1.962,0.632,6.436,19.419
P2,-215,2026-06-17 07:00,observado,2.897,2.600,0.720,6.602,19.423
P2,-214,2026-06-17 08:00,observado,3.060,2.979,0.795,6.545,19.635
P2,-213,2026-06-17 09:00,observado,3.057,3.021,0.817,6.466,19.975
P2,-212,2026-06-17 10:00,observado,2.971,2.836,0.796,6.410,20.347
P2,-211,2026-06-17 11:00,observado,2.874,2.564,0.727,6.264,20.792
P2,-210,2026-06-17 12:00,observado,2.699,2.161,0.634,6.183,21.220
P2,-209,2026-06-17 13:00,observado,2.521,1.645,0.528,5.896,21.670
P2,-208,2026-06-17 14:00,observado,2.333,1.321,0.458,5.782,22.003
P2,-207,2026-06-17 15:00,observado,2.266,1.212,0.428,5.759,22.379
P2,-206,2026-06-17 16:00,observado,2.227,1.281,0.455,5.738,22.709
P2,-205,2026-06-17 17:00,observado,2.327,1.561,0.506,5.642,22.925
P2,-204,2026-06-17 18:00,observado,2.547,2.122,0.604,5.612,22.949
P2,-203,2026-06-17 19:00,observado,2.790,2.726,0.707,5.646,22.843
P2,-202,2026-06-17 20:00,observado,2.986,3.312,0.790,5.899,22.681
P2,-201,2026-06-17 21:00,observado,3.160,3.312,0.831,5.960,22.459
P2,-200,2026-06-17 22:00,observado,3.143,3.293,0.817,6.097,22.103
P2,-199,2026-06-17 23:00,observado,3.004,2.929,0.761,6.172,21.621
P2,-198,2026-06-18 00:00,observado,2.711,2.552,0.662,6.309,21.074
P2,-197,2026-06-18 01:00,observado,2.472,1.789,0.557,6.286,20.684
P2,-196,2026-06-18 02:00,observado,2.231,1.076,0.469,6.215,20.302
P2,-195,2026-06-18 03:00,observado,2.002,0.653,0.413,6.273,19.947
P2,-194,2026-06-18 04:00,observado,1.998,0.654,0.418,6.333,19.543
P2,-193,2026-06-18 05:00,observado,2.198,0.975,0.467,6.350,19.331
P2,-192,2026-06-18 06:00,observado,2.506,1.574,0.563,6.350,19.315
P2,-191,2026-06-18 07:00,observado,2.740,2.170,0.656,6.328,19.474
P2,-190,2026-06-18 08:00,observado,2.940,2.706,0.744,6.486,19.689
P2,-189,2026-06-18 09:00,observado,3.113,3.046,0.801,6.522,19.922
P2,-188,2026-06-18 10:00,observado,3.129,3.046,0.818,6.536,20.314
P2,-187,2026-06-18 11:00,observado,2.992,2.837,0.768,6.365,20.784
P2,-186,2026-06-18 12:00,observado,2.712,2.401,0.689,6.192,21.277
P2,-185,2026-06-18 13:00,observado,2.525,2.057,0.590,6.093,21.740
P2,-184,2026-06-18 14:00,observado,2.352,1.733,0.504,5.870,22.180
P2,-183,2026-06-18 15:00,observado,2.235,1.358,0.434,5.676,22.513
P2,-182,2026-06-18 16:00,observado,2.070,1.192,0.408,5.558,22.812
P2,-181,2026-06-18 17:00,observado,2.135,1.238,0.439,5.635,22.951
P2,-180,2026-06-18 18:00,observado,2.295,1.727,0.519,5.700,23.036
P2,-179,2026-06-18 19:00,observado,2.592,2.310,0.616,5.739,22.913
P2,-178,2026-06-18 20:00,observado,2.805,2.840,0.718,5.840,22.706
P2,-177,2026-06-18 21:00,observado,3.007,3.105,0.787,5.948,22.444
P2,-176,2026-06-18 22:00,observado,3.083,3.270,0.821,6.076,22.019
P2,-175,2026-06-18 23:00,observado,2.931,3.130,0.796,6.084,21.715
P2,-174,2026-06-19 00:00,observado,2.771,2.834,0.728,6.122,21.209
P2,-173,2026-06-19 01:00,observado,2.591,2.263,0.635,6.166,20.788
P2,-172,2026-06-19 02:00,observado,2.470,1.745,0.538,6.319,20.316
P2,-171,2026-06-19 03:00,observado,2.289,1.233,0.461,6.381,20.082
P2,-170,2026-06-19 04:00,observado,2.156,0.848,0.423,6.499,19.743
P2,-169,2026-06-19 05:00,observado,2.184,0.836,0.437,6.371,19.539
P2,-168,2026-06-19 06:00,observado,2.312,1.176,0.496,6.485,19.361
P2,-167,2026-06-19 07:00,observado,2.531,1.734,0.591,6.430,19.534
P2,-166,2026-06-19 08:00,observado,2.778,2.266,0.680,6.519,19.677
P2,-165,2026-06-19 09:00,observado,3.012,2.595,0.765,6.315,20.016
P2,-164,2026-06-19 10:00,observado,3.138,2.846,0.809,6.341,20.369
P2,-163,2026-06-19 11:00,observado,3.177,2.868,0.817,6.342,20.710
P2,-162,2026-06-19 12:00,observado,3.087,2.806,0.777,6.418,21.144
P2,-161,2026-06-19 13:00,observado,2.898,2.432,0.686,6.182,21.534
P2,-160,2026-06-19 14:00,observado,2.646,2.025,0.591,5.987,22.042
P2,-159,2026-06-19 15:00,observado,2.400,1.540,0.495,5.738,22.398
P2,-158,2026-06-19 16:00,observado,2.230,1.294,0.434,5.739,22.737
P2,-157,2026-06-19 17:00,observado,2.192,1.186,0.410,5.667,22.912
P2,-156,2026-06-19 18:00,observado,2.261,1.427,0.449,5.764,22.961
P2,-155,2026-06-19 19:00,observado,2.506,1.831,0.528,5.710,22.834
P2,-154,2026-06-19 20:00,observado,2.706,2.428,0.632,5.809,22.677
P2,-153,2026-06-19 21:00,observado,2.939,2.941,0.726,5.834,22.489
P2,-152,2026-06-19 22:00,observado,2.966,3.171,0.791,6.069,22.105
P2,-151,2026-06-19 23:00,observado,3.033,3.208,0.821,6.210,21.700
P2,-150,2026-06-20 00:00,observado,2.924,2.890,0.794,6.297,21.103
P2,-149,2026-06-20 01:00,observado,2.868,2.586,0.740,6.361,20.703
P2,-148,2026-06-20 02:00,observado,2.624,1.974,0.642,6.296,20.252
P2,-147,2026-06-20 03:00,observado,2.369,1.413,0.537,6.276,19.998
P2,-146,2026-06-20 04:00,observado,2.161,1.038,0.447,6.255,19.716
P2,-145,2026-06-20 05:00,observado,2.032,0.899,0.420,6.294,19.484
P2,-144,2026-06-20 06:00,observado,2.106,1.004,0.444,6.254,19.344
P2,-143,2026-06-20 07:00,observado,2.271,1.241,0.506,6.101,19.384
P2,-142,2026-06-20 08:00,observado,2.606,1.742,0.592,6.058,19.593
P2,-141,2026-06-20 09:00,observado,2.937,2.422,0.687,6.125,19.921
P2,-140,2026-06-20 10:00,observado,3.135,2.989,0.777,6.212,20.313
P2,-139,2026-06-20 11:00,observado,3.176,3.285,0.820,6.244,20.740
P2,-138,2026-06-20 12:00,observado,3.129,3.307,0.816,6.177,21.191
P2,-137,2026-06-20 13:00,observado,3.036,3.095,0.751,5.997,21.634
P2,-136,2026-06-20 14:00,observado,2.714,2.556,0.654,5.898,22.070
P2,-135,2026-06-20 15:00,observado,2.433,1.978,0.550,5.774,22.363
P2,-134,2026-06-20 16:00,observado,2.153,1.501,0.474,5.670,22.680
P2,-133,2026-06-20 17:00,observado,2.103,1.220,0.420,5.599,22.783
P2,-132,2026-06-20 18:00,observado,2.121,1.147,0.424,5.611,22.923
P2,-131,2026-06-20 19:00,observado,2.257,1.272,0.459,5.636,22.839
P2,-130,2026-06-20 20:00,observado,2.466,1.813,0.549,5.772,22.711
P2,-129,2026-06-20 21:00,observado,2.605,2.373,0.649,5.886,22.403
P2,-128,2026-06-20 22:00,observado,2.759,3.064,0.747,6.102,21.991
P2,-127,2026-06-20 23:00,observado,2.840,3.300,0.806,6.035,21.628
P2,-126,2026-06-21 00:00,observado,2.890,3.247,0.817,6.142,21.134
P2,-125,2026-06-21 01:00,observado,2.939,2.862,0.770,6.295,20.728
P2,-124,2026-06-21 02:00,observado,2.826,2.416,0.695,6.457,20.204
P2,-123,2026-06-21 03:00,observado,2.629,1.829,0.593,6.525,19.908
P2,-122,2026-06-21 04:00,observado,2.282,1.225,0.515,6.481,19.614
P2,-121,2026-06-21 05:00,observado,2.118,0.723,0.445,6.412,19.501
P2,-120,2026-06-21 06:00,observado,2.176,0.592,0.441,6.254,19.434
P2,-119,2026-06-21 07:00,observado,2.405,0.751,0.499,6.106,19.547
P2,-118,2026-06-21 08:00,observado,2.729,1.092,0.619,5.935,19.728
P2,-117,2026-06-21 09:00,observado,2.943,1.543,0.741,5.869,20.019
P2,-116,2026-06-21 10:00,observado,3.256,1.931,0.838,5.856,20.352
P2,-115,2026-06-21 11:00,observado,3.407,2.491,0.897,5.950,20.784
P2,-114,2026-06-21 12:00,observado,3.447,2.839,0.898,6.104,21.244
P2,-113,2026-06-21 13:00,observado,3.120,3.108,0.855,6.142,21.739
P2,-112,2026-06-21 14:00,observado,2.853,2.841,0.771,6.015,22.132
P2,-111,2026-06-21 15:00,observado,2.475,2.498,0.668,5.843,22.451
P2,-110,2026-06-21 16:00,observado,2.304,1.735,0.557,5.621,22.691
P2,-109,2026-06-21 17:00,observado,2.137,1.397,0.467,5.595,22.903
P2,-108,2026-06-21 18:00,observado,2.108,1.186,0.428,5.473,22.999
P2,-107,2026-06-21 19:00,observado,2.154,1.372,0.429,5.544,22.971
P2,-106,2026-06-21 20:00,observado,2.305,1.637,0.475,5.572,22.809
P2,-105,2026-06-21 21:00,observado,2.583,1.981,0.562,5.757,22.515
P2,-104,2026-06-21 22:00,observado,2.813,2.495,0.664,5.907,22.074
P2,-103,2026-06-21 23:00,observado,2.853,2.851,0.763,6.173,21.575
P2,-102,2026-06-22 00:00,observado,2.977,3.018,0.816,6.307,21.094
P2,-101,2026-06-22 01:00,observado,2.944,3.007,0.819,6.434,20.687
P2,-100,2026-06-22 02:00,observado,2.895,2.692,0.767,6.485,20.276
P2,-99,2026-06-22 03:00,observado,2.689,2.296,0.681,6.513,19.943
P2,-98,2026-06-22 04:00,observado,2.512,1.719,0.592,6.497,19.647
P2,-97,2026-06-22 05:00,observado,2.384,1.176,0.509,6.406,19.498
P2,-96,2026-06-22 06:00,observado,2.168,0.856,0.446,6.379,19.380
P2,-95,2026-06-22 07:00,observado,2.049,0.657,0.431,6.311,19.487
P2,-94,2026-06-22 08:00,observado,2.147,1.000,0.464,6.349,19.754
P2,-93,2026-06-22 09:00,observado,2.360,1.435,0.533,6.244,20.073
P2,-92,2026-06-22 10:00,observado,2.643,2.164,0.625,6.175,20.418
P2,-91,2026-06-22 11:00,observado,2.879,2.698,0.713,6.114,20.766
P2,-90,2026-06-22 12:00,observado,3.068,3.196,0.797,6.170,21.258
P2,-89,2026-06-22 13:00,observado,3.039,3.266,0.822,6.153,21.712
P2,-88,2026-06-22 14:00,observado,2.847,3.160,0.799,6.145,22.175
P2,-87,2026-06-22 15:00,observado,2.742,2.723,0.715,5.934,22.478
P2,-86,2026-06-22 16:00,observado,2.614,2.281,0.628,5.841,22.748
P2,-85,2026-06-22 17:00,observado,2.458,1.805,0.527,5.636,22.894
P2,-84,2026-06-22 18:00,observado,2.200,1.457,0.466,5.723,22.982
P2,-83,2026-06-22 19:00,observado,2.114,1.409,0.430,5.780,22.950
P2,-82,2026-06-22 20:00,observado,2.134,1.390,0.445,5.968,22.722
P2,-81,2026-06-22 21:00,observado,2.336,1.671,0.498,6.018,22.491
P2,-80,2026-06-22 22:00,observado,2.607,1.959,0.578,6.112,21.989
P2,-79,2026-06-22 23:00,observado,2.873,2.386,0.680,6.183,21.595
P2,-78,2026-06-23 00:00,observado,3.041,2.822,0.759,6.248,20.999
P2,-77,2026-06-23 01:00,observado,3.091,3.128,0.807,6.292,20.620
P2,-76,2026-06-23 02:00,observado,3.105,3.145,0.803,6.268,20.232
P2,-75,2026-06-23 03:00,observado,3.032,2.806,0.750,6.237,19.908
P2,-74,2026-06-23 04:00,observado,2.812,2.269,0.661,6.308,19.642
P2,-73,2026-06-23 05:00,observado,2.516,1.746,0.558,6.270,19.457
P2,-72,2026-06-23 06:00,observado,2.199,1.292,0.478,6.231,19.450
P2,-71,2026-06-23 07:00,observado,2.086,0.953,0.430,6.161,19.508
P2,-70,2026-06-23 08:00,observado,2.089,0.905,0.425,6.179,19.668
P2,-69,2026-06-23 09:00,observado,2.380,1.124,0.468,6.124,19.965
P2,-68,2026-06-23 10:00,observado,2.629,1.676,0.554,6.048,20.338
P2,-67,2026-06-23 11:00,observado,2.954,2.331,0.662,6.157,20.713
P2,-66,2026-06-23 12:00,observado,3.106,2.926,0.759,6.328,21.106
P2,-65,2026-06-23 13:00,observado,3.145,3.213,0.802,6.327,21.601
P2,-64,2026-06-23 14:00,observado,3.065,3.328,0.809,6.060,22.088
P2,-63,2026-06-23 15:00,observado,2.922,2.963,0.767,5.856,22.484
P2,-62,2026-06-23 16:00,observado,2.791,2.527,0.703,5.735,22.819
P2,-61,2026-06-23 17:00,observado,2.655,2.027,0.607,5.714,23.013
P2,-60,2026-06-23 18:00,observado,2.477,1.774,0.512,5.707,23.050
P2,-59,2026-06-23 19:00,observado,2.338,1.501,0.443,5.678,22.920
P2,-58,2026-06-23 20:00,observado,2.226,1.330,0.419,5.681,22.732
P2,-57,2026-06-23 21:00,observado,2.234,1.341,0.449,5.783,22.490
P2,-56,2026-06-23 22:00,observado,2.432,1.637,0.521,5.891,22.082
P2,-55,2026-06-23 23:00,observado,2.632,1.975,0.625,6.013,21.662
P2,-54,2026-06-24 00:00,observado,2.871,2.414,0.725,6.079,21.159
P2,-53,2026-06-24 01:00,observado,2.917,2.752,0.797,6.290,20.670
P2,-52,2026-06-24 02:00,observado,2.961,2.994,0.823,6.458,20.224
P2,-51,2026-06-24 03:00,observado,2.813,3.074,0.798,6.710,19.905
P2,-50,2026-06-24 04:00,observado,2.777,2.792,0.735,6.705,19.672
P2,-49,2026-06-24 05:00,observado,2.656,2.336,0.635,6.624,19.484
P2,-48,2026-06-24 06:00,observado,2.513,1.693,0.540,6.419,19.500
P2,-47,2026-06-24 07:00,observado,2.357,1.195,0.464,6.219,19.571
P2,-46,2026-06-24 08:00,observado,2.187,0.876,0.427,6.108,19.850
P2,-45,2026-06-24 09:00,observado,2.241,0.897,0.431,6.089,20.069
P2,-44,2026-06-24 10:00,observado,2.278,1.334,0.487,6.149,20.441
P2,-43,2026-06-24 11:00,observado,2.553,1.924,0.578,6.190,20.741
P2,-42,2026-06-24 12:00,observado,2.758,2.551,0.682,6.185,21.168
P2,-41,2026-06-24 13:00,observado,3.042,2.972,0.769,6.097,21.622
P2,-40,2026-06-24 14:00,observado,3.158,3.350,0.817,6.078,21.995
P2,-39,2026-06-24 15:00,observado,3.141,3.363,0.822,5.873,22.385
P2,-38,2026-06-24 16:00,observado,2.983,3.210,0.770,5.857,22.695
P2,-37,2026-06-24 17:00,observado,2.789,2.679,0.681,5.676,22.958
P2,-36,2026-06-24 18:00,observado,2.603,2.081,0.573,5.549,22.995
P2,-35,2026-06-24 19:00,observado,2.374,1.511,0.486,5.433,22.917
P2,-34,2026-06-24 20:00,observado,2.207,1.238,0.432,5.509,22.748
P2,-33,2026-06-24 21:00,observado,2.172,1.207,0.411,5.651,22.500
P2,-32,2026-06-24 22:00,observado,2.269,1.298,0.449,5.821,22.167
P2,-31,2026-06-24 23:00,observado,2.443,1.652,0.529,6.046,21.716
P2,-30,2026-06-25 00:00,observado,2.685,2.081,0.637,6.154,21.201
P2,-29,2026-06-25 01:00,observado,2.901,2.786,0.731,6.318,20.674
P2,-28,2026-06-25 02:00,observado,2.995,3.075,0.782,6.392,20.273
P2,-27,2026-06-25 03:00,observado,2.980,3.253,0.808,6.530,19.981
P2,-26,2026-06-25 04:00,observado,2.894,2.974,0.784,6.487,19.724
P2,-25,2026-06-25 05:00,observado,2.785,2.618,0.731,6.419,19.512
P2,-24,2026-06-25 06:00,observado,2.614,2.009,0.638,6.365,19.461
P2,-23,2026-06-25 07:00,observado,2.400,1.589,0.537,6.276,19.523
P2,-22,2026-06-25 08:00,observado,2.268,1.173,0.465,6.225,19.696
P2,-21,2026-06-25 09:00,observado,2.156,0.980,0.423,6.215,19.944
P2,-20,2026-06-25 10:00,observado,2.238,0.998,0.439,6.204,20.321
P2,-19,2026-06-25 11:00,observado,2.416,1.323,0.487,6.134,20.783
P2,-18,2026-06-25 12:00,observado,2.676,1.900,0.586,6.011,21.225
P2,-17,2026-06-25 13:00,observado,2.871,2.461,0.684,5.988,21.630
P2,-16,2026-06-25 14:00,observado,2.964,2.844,0.771,6.006,21.984
P2,-15,2026-06-25 15:00,observado,3.016,3.253,0.825,5.974,22.384
P2,-14,2026-06-25 16:00,observado,2.889,3.274,0.825,5.945,22.718
P2,-13,2026-06-25 17:00,observado,2.810,3.129,0.776,5.786,22.942
P2,-12,2026-06-25 18:00,observado,2.630,2.500,0.678,5.702,22.972
P2,-11,2026-06-25 19:00,observado,2.546,1.995,0.575,5.647,22.931
P2,-10,2026-06-25 20:00,observado,2.290,1.465,0.494,5.566,22.758
P2,-9,2026-06-25 21:00,observado,2.221,1.238,0.428,5.555,22.464
P2,-8,2026-06-25 22:00,observado,2.206,1.104,0.431,5.657,22.031
P2,-7,2026-06-25 23:00,observado,2.374,1.361,0.480,5.857,21.667
P2,-6,2026-06-26 00:00,observado,2.475,1.713,0.570,6.045,21.253
P2,-5,2026-06-26 01:00,observado,2.697,2.231,0.664,6.262,20.807
P2,-4,2026-06-26 02:00,observado,2.869,2.610,0.743,6.398,20.326
P2,-3,2026-06-26 03:00,observado,3.045,2.919,0.809,6.544,19.918
P2,-2,2026-06-26 04:00,observado,2.977,3.050,0.821,6.533,19.596
P2,-1,2026-06-26 05:00,observado,2.908,2.781,0.784,6.595,19.385
P2,0,2026-06-26 06:00,previsto,2.781,2.314,0.706,6.542,19.272
P2,1,2026-06-26 07:00,previsto,2.667,1.741,0.605,6.323,19.406
P2,2,2026-06-26 08:00,previsto,2.456,1.308,0.512,6.192,19.648
P2,3,2026-06-26 09:00,previsto,2.209,1.083,0.442,6.121,20.002
P2,4,2026-06-26 10:00,previsto,2.162,0.877,0.419,6.212,20.318
P2,5,2026-06-26 11:00,previsto,2.168,1.174,0.448,6.160,20.689
P2,6,2026-06-26 12:00,previsto,2.351,1.434,0.514,6.121,21.098
P2,7,2026-06-26 13:00,previsto,2.465,2.128,0.605,5.999,21.533
P2,8,2026-06-26 14:00,previsto,2.708,2.628,0.703,6.059,21.972
P2,9,2026-06-26 15:00,previsto,2.882,3.193,0.791,6.064,22.336
P2,10,2026-06-26 16:00,previsto,3.049,3.339,0.825,6.036,22.677
P2,11,2026-06-26 17:00,previsto,3.022,3.378,0.815,5.940,22.886
P2,12,2026-06-26 18:00,previsto,2.899,3.063,0.732,5.870,22.912
P2,13,2026-06-26 19:00,previsto,2.742,2.674,0.644,5.918,22.861
P2,14,2026-06-26 20:00,previsto,2.477,1.995,0.535,5.906,22.717
P2,15,2026-06-26 21:00,previsto,2.306,1.445,0.455,5.810,22.491
P2,16,2026-06-26 22:00,previsto,2.156,0.891,0.405,5.789,22.107
P2,17,2026-06-26 23:00,previsto,2.238,0.966,0.406,5.809,21.656
P2,18,2026-06-27 00:00,previsto,2.371,1.230,0.469,5.954,21.214
P2,19,2026-06-27 01:00,previsto,2.565,1.850,0.565,6.065,20.748
P2,20,2026-06-27 02:00,previsto,2.806,2.313,0.674,6.147,20.353
P2,21,2026-06-27 03:00,previsto,2.970,2.725,0.760,6.411,20.028
P2,22,2026-06-27 04:00,previsto,3.051,3.011,0.817,6.523,19.763
P2,23,2026-06-27 05:00,previsto,3.054,3.098,0.840,6.683,19.601
P3,-240,2026-06-16 06:00,observado,6.004,0.220,0.475,8.575,17.316
P3,-239,2026-06-16 07:00,observado,5.975,0.236,0.475,8.577,17.416
P3,-238,2026-06-16 08:00,observado,5.958,0.263,0.483,8.551,17.516
P3,-237,2026-06-16 09:00,observado,5.914,0.219,0.465,8.517,17.704
P3,-236,2026-06-16 10:00,observado,5.897,0.180,0.439,8.397,17.817
P3,-235,2026-06-16 11:00,observado,5.767,0.124,0.404,8.247,18.036
P3,-234,2026-06-16 12:00,observado,5.740,0.113,0.375,8.128,18.251
P3,-233,2026-06-16 13:00,observado,5.720,0.082,0.365,8.112,18.517
P3,-232,2026-06-16 14:00,observado,5.722,0.065,0.364,8.104,18.789
P3,-231,2026-06-16 15:00,observado,5.777,0.085,0.376,8.115,18.981
P3,-230,2026-06-16 16:00,observado,5.721,0.148,0.401,8.091,19.109
P3,-229,2026-06-16 17:00,observado,5.799,0.217,0.431,8.122,19.143
P3,-228,2026-06-16 18:00,observado,5.783,0.255,0.461,8.150,19.221
P3,-227,2026-06-16 19:00,observado,5.878,0.275,0.479,8.181,19.264
P3,-226,2026-06-16 20:00,observado,5.818,0.272,0.482,8.128,19.180
P3,-225,2026-06-16 21:00,observado,5.774,0.271,0.471,8.076,19.018
P3,-224,2026-06-16 22:00,observado,5.692,0.211,0.440,8.051,18.766
P3,-223,2026-06-16 23:00,observado,5.727,0.165,0.413,8.113,18.548
P3,-222,2026-06-17 00:00,observado,5.763,0.094,0.387,8.161,18.270
P3,-221,2026-06-17 01:00,observado,5.758,0.076,0.376,8.182,18.019
P3,-220,2026-06-17 02:00,observado,5.695,0.063,0.375,8.112,17.785
P3,-219,2026-06-17 03:00,observado,5.656,0.079,0.384,8.262,17.596
P3,-218,2026-06-17 04:00,observado,5.686,0.119,0.395,8.331,17.460
P3,-217,2026-06-17 05:00,observado,5.771,0.144,0.421,8.463,17.357
P3,-216,2026-06-17 06:00,observado,5.862,0.202,0.455,8.383,17.293
P3,-215,2026-06-17 07:00,observado,5.886,0.239,0.478,8.358,17.318
P3,-214,2026-06-17 08:00,observado,5.843,0.275,0.478,8.369,17.404
P3,-213,2026-06-17 09:00,observado,5.824,0.250,0.459,8.371,17.577
P3,-212,2026-06-17 10:00,observado,5.785,0.201,0.439,8.286,17.816
P3,-211,2026-06-17 11:00,observado,5.762,0.161,0.413,8.202,18.053
P3,-210,2026-06-17 12:00,observado,5.703,0.144,0.387,8.054,18.345
P3,-209,2026-06-17 13:00,observado,5.677,0.116,0.367,8.006,18.600
P3,-208,2026-06-17 14:00,observado,5.656,0.108,0.360,7.940,18.855
P3,-207,2026-06-17 15:00,observado,5.684,0.101,0.368,7.978,19.032
P3,-206,2026-06-17 16:00,observado,5.753,0.109,0.384,7.994,19.135
P3,-205,2026-06-17 17:00,observado,5.804,0.140,0.409,8.016,19.237
P3,-204,2026-06-17 18:00,observado,5.848,0.177,0.434,8.022,19.271
P3,-203,2026-06-17 19:00,observado,5.922,0.209,0.457,8.031,19.268
P3,-202,2026-06-17 20:00,observado,5.918,0.227,0.470,8.053,19.150
P3,-201,2026-06-17 21:00,observado,5.955,0.219,0.469,8.063,19.000
P3,-200,2026-06-17 22:00,observado,5.922,0.214,0.462,8.070,18.773
P3,-199,2026-06-17 23:00,observado,5.885,0.162,0.443,8.070,18.490
P3,-198,2026-06-18 00:00,observado,5.705,0.128,0.415,8.109,18.179
P3,-197,2026-06-18 01:00,observado,5.604,0.106,0.394,8.157,17.962
P3,-196,2026-06-18 02:00,observado,5.541,0.095,0.373,8.220,17.816
P3,-195,2026-06-18 03:00,observado,5.642,0.107,0.368,8.287,17.664
P3,-194,2026-06-18 04:00,observado,5.647,0.106,0.372,8.377,17.467
P3,-193,2026-06-18 05:00,observado,5.754,0.148,0.398,8.400,17.301
P3,-192,2026-06-18 06:00,observado,5.809,0.184,0.436,8.455,17.249
P3,-191,2026-06-18 07:00,observado,5.853,0.229,0.464,8.439,17.315
P3,-190,2026-06-18 08:00,observado,5.858,0.274,0.482,8.405,17.429
P3,-189,2026-06-18 09:00,observado,5.836,0.243,0.486,8.294,17.618
P3,-188,2026-06-18 10:00,observado,5.867,0.251,0.479,8.284,17.762
P3,-187,2026-06-18 11:00,observado,5.857,0.208,0.454,8.240,18.032
P3,-186,2026-06-18 12:00,observado,5.814,0.198,0.422,8.279,18.321
P3,-185,2026-06-18 13:00,observado,5.753,0.129,0.392,8.155,18.600
P3,-184,2026-06-18 14:00,observado,5.693,0.090,0.373,8.094,18.845
P3,-183,2026-06-18 15:00,observado,5.709,0.081,0.365,7.982,18.941
P3,-182,2026-06-18 16:00,observado,5.725,0.100,0.366,7.996,19.113
P3,-181,2026-06-18 17:00,observado,5.787,0.123,0.392,8.009,19.177
P3,-180,2026-06-18 18:00,observado,5.754,0.167,0.417,7.996,19.265
P3,-179,2026-06-18 19:00,observado,5.829,0.215,0.446,8.013,19.217
P3,-178,2026-06-18 20:00,observado,5.866,0.267,0.461,8.042,19.169
P3,-177,2026-06-18 21:00,observado,5.901,0.271,0.470,8.042,19.009
P3,-176,2026-06-18 22:00,observado,5.833,0.271,0.470,8.065,18.833
P3,-175,2026-06-18 23:00,observado,5.817,0.238,0.454,8.105,18.599
P3,-174,2026-06-19 00:00,observado,5.791,0.197,0.434,8.229,18.397
P3,-173,2026-06-19 01:00,observado,5.760,0.155,0.403,8.251,18.084
P3,-172,2026-06-19 02:00,observado,5.691,0.088,0.376,8.297,17.809
P3,-171,2026-06-19 03:00,observado,5.678,0.082,0.368,8.270,17.567
P3,-170,2026-06-19 04:00,observado,5.691,0.058,0.372,8.406,17.441
P3,-169,2026-06-19 05:00,observado,5.747,0.088,0.390,8.417,17.374
P3,-168,2026-06-19 06:00,observado,5.752,0.111,0.411,8.493,17.340
P3,-167,2026-06-19 07:00,observado,5.803,0.159,0.439,8.425,17.412
P3,-166,2026-06-19 08:00,observado,5.895,0.203,0.462,8.454,17.469
P3,-165,2026-06-19 09:00,observado,5.954,0.210,0.475,8.434,17.623
P3,-164,2026-06-19 10:00,observado,5.955,0.253,0.477,8.405,17.786
P3,-163,2026-06-19 11:00,observado,5.916,0.250,0.469,8.260,18.022
P3,-162,2026-06-19 12:00,observado,5.829,0.226,0.445,8.133,18.285
P3,-161,2026-06-19 13:00,observado,5.784,0.159,0.417,8.083,18.542
P3,-160,2026-06-19 14:00,observado,5.662,0.113,0.385,8.011,18.788
P3,-159,2026-06-19 15:00,observado,5.673,0.093,0.370,7.880,18.956
P3,-158,2026-06-19 16:00,observado,5.649,0.092,0.374,7.807,19.128
P3,-157,2026-06-19 17:00,observado,5.664,0.086,0.385,7.826,19.222
P3,-156,2026-06-19 18:00,observado,5.703,0.111,0.404,7.981,19.278
P3,-155,2026-06-19 19:00,observado,5.791,0.136,0.426,8.009,19.247
P3,-154,2026-06-19 20:00,observado,5.853,0.202,0.458,8.071,19.172
P3,-153,2026-06-19 21:00,observado,5.897,0.254,0.470,8.113,19.048
P3,-152,2026-06-19 22:00,observado,5.877,0.285,0.476,8.168,18.793
P3,-151,2026-06-19 23:00,observado,5.920,0.273,0.462,8.305,18.537
P3,-150,2026-06-20 00:00,observado,5.910,0.223,0.447,8.349,18.286
P3,-149,2026-06-20 01:00,observado,5.856,0.151,0.418,8.316,18.088
P3,-148,2026-06-20 02:00,observado,5.778,0.120,0.394,8.293,17.861
P3,-147,2026-06-20 03:00,observado,5.755,0.089,0.369,8.205,17.560
P3,-146,2026-06-20 04:00,observado,5.761,0.108,0.361,8.283,17.357
P3,-145,2026-06-20 05:00,observado,5.735,0.097,0.367,8.268,17.258
P3,-144,2026-06-20 06:00,observado,5.738,0.104,0.383,8.312,17.246
P3,-143,2026-06-20 07:00,observado,5.798,0.127,0.408,8.313,17.355
P3,-142,2026-06-20 08:00,observado,5.874,0.157,0.439,8.374,17.422
P3,-141,2026-06-20 09:00,observado,5.941,0.228,0.471,8.437,17.600
P3,-140,2026-06-20 10:00,observado,5.951,0.221,0.487,8.380,17.754
P3,-139,2026-06-20 11:00,observado,5.942,0.260,0.478,8.288,18.046
P3,-138,2026-06-20 12:00,observado,5.909,0.221,0.457,8.167,18.332
P3,-137,2026-06-20 13:00,observado,5.842,0.215,0.429,8.113,18.611
P3,-136,2026-06-20 14:00,observado,5.830,0.159,0.404,8.035,18.813
P3,-135,2026-06-20 15:00,observado,5.722,0.148,0.384,7.979,19.010
P3,-134,2026-06-20 16:00,observado,5.711,0.118,0.371,8.007,19.088
P3,-133,2026-06-20 17:00,observado,5.675,0.106,0.368,7.974,19.187
P3,-132,2026-06-20 18:00,observado,5.757,0.132,0.379,7.949,19.211
P3,-131,2026-06-20 19:00,observado,5.823,0.159,0.400,7.930,19.236
P3,-130,2026-06-20 20:00,observado,5.915,0.212,0.430,7.926,19.140
P3,-129,2026-06-20 21:00,observado,5.933,0.230,0.455,8.064,19.004
P3,-128,2026-06-20 22:00,observado,5.926,0.249,0.464,8.070,18.830
P3,-127,2026-06-20 23:00,observado,5.902,0.245,0.463,8.189,18.573
P3,-126,2026-06-21 00:00,observado,5.887,0.230,0.459,8.238,18.332
P3,-125,2026-06-21 01:00,observado,5.875,0.211,0.447,8.332,18.023
P3,-124,2026-06-21 02:00,observado,5.791,0.173,0.429,8.360,17.790
P3,-123,2026-06-21 03:00,observado,5.745,0.132,0.392,8.263,17.560
P3,-122,2026-06-21 04:00,observado,5.726,0.138,0.375,8.247,17.425
P3,-121,2026-06-21 05:00,observado,5.786,0.112,0.371,8.238,17.331
P3,-120,2026-06-21 06:00,observado,5.949,0.078,0.399,8.291,17.282
P3,-119,2026-06-21 07:00,observado,6.325,0.020,0.447,8.276,17.310
P3,-118,2026-06-21 08:00,observado,6.703,0.000,0.496,8.131,17.453
P3,-117,2026-06-21 09:00,observado,7.039,0.000,0.546,8.003,17.601
P3,-116,2026-06-21 10:00,observado,7.107,0.000,0.566,7.917,17.805
P3,-115,2026-06-21 11:00,observado,6.967,0.000,0.573,7.988,18.013
P3,-114,2026-06-21 12:00,observado,6.675,0.003,0.540,8.084,18.267
P3,-113,2026-06-21 13:00,observado,6.244,0.089,0.495,8.096,18.525
P3,-112,2026-06-21 14:00,observado,5.974,0.162,0.450,8.026,18.753
P3,-111,2026-06-21 15:00,observado,5.696,0.191,0.411,7.940,18.924
P3,-110,2026-06-21 16:00,observado,5.667,0.128,0.392,7.994,19.108
P3,-109,2026-06-21 17:00,observado,5.672,0.061,0.372,8.043,19.176
P3,-108,2026-06-21 18:00,observado,5.768,0.068,0.374,8.130,19.246
P3,-107,2026-06-21 19:00,observado,5.812,0.098,0.381,8.141,19.230
P3,-106,2026-06-21 20:00,observado,5.873,0.161,0.410,8.161,19.165
P3,-105,2026-06-21 21:00,observado,5.931,0.194,0.437,8.170,18.970
P3,-104,2026-06-21 22:00,observado,5.889,0.206,0.464,8.116,18.722
P3,-103,2026-06-21 23:00,observado,5.865,0.229,0.481,8.223,18.435
P3,-102,2026-06-22 00:00,observado,5.907,0.246,0.489,8.201,18.215
P3,-101,2026-06-22 01:00,observado,5.967,0.231,0.483,8.317,17.993
P3,-100,2026-06-22 02:00,observado,5.948,0.199,0.454,8.197,17.829
P3,-99,2026-06-22 03:00,observado,5.804,0.148,0.421,8.204,17.631
P3,-98,2026-06-22 04:00,observado,5.712,0.156,0.382,8.166,17.425
P3,-97,2026-06-22 05:00,observado,5.685,0.121,0.367,8.279,17.293
P3,-96,2026-06-22 06:00,observado,5.710,0.113,0.367,8.366,17.277
P3,-95,2026-06-22 07:00,observado,5.767,0.073,0.382,8.400,17.328
P3,-94,2026-06-22 08:00,observado,5.873,0.099,0.404,8.392,17.425
P3,-93,2026-06-22 09:00,observado,5.963,0.160,0.428,8.429,17.524
P3,-92,2026-06-22 10:00,observado,5.989,0.239,0.451,8.384,17.736
P3,-91,2026-06-22 11:00,observado,5.959,0.278,0.466,8.409,18.000
P3,-90,2026-06-22 12:00,observado,5.948,0.287,0.470,8.299,18.264
P3,-89,2026-06-22 13:00,observado,5.928,0.268,0.467,8.243,18.536
P3,-88,2026-06-22 14:00,observado,5.923,0.230,0.446,8.065,18.696
P3,-87,2026-06-22 15:00,observado,5.875,0.209,0.421,7.977,18.916
P3,-86,2026-06-22 16:00,observado,5.850,0.149,0.385,7.874,19.072
P3,-85,2026-06-22 17:00,observado,5.750,0.113,0.367,7.871,19.230
P3,-84,2026-06-22 18:00,observado,5.723,0.072,0.365,7.851,19.264
P3,-83,2026-06-22 19:00,observado,5.739,0.122,0.380,7.944,19.206
P3,-82,2026-06-22 20:00,observado,5.790,0.140,0.402,8.006,19.090
P3,-81,2026-06-22 21:00,observado,5.753,0.161,0.425,8.077,18.929
P3,-80,2026-06-22 22:00,observado,5.830,0.187,0.447,8.149,18.743
P3,-79,2026-06-22 23:00,observado,5.883,0.253,0.460,8.184,18.520
P3,-78,2026-06-23 00:00,observado,6.036,0.270,0.477,8.272,18.336
P3,-77,2026-06-23 01:00,observado,5.917,0.262,0.474,8.312,18.043
P3,-76,2026-06-23 02:00,observado,5.827,0.248,0.467,8.299,17.852
P3,-75,2026-06-23 03:00,observado,5.696,0.222,0.437,8.316,17.625
P3,-74,2026-06-23 04:00,observado,5.725,0.183,0.417,8.340,17.544
P3,-73,2026-06-23 05:00,observado,5.713,0.119,0.392,8.399,17.381
P3,-72,2026-06-23 06:00,observado,5.673,0.077,0.381,8.324,17.332
P3,-71,2026-06-23 07:00,observado,5.630,0.062,0.374,8.241,17.351
P3,-70,2026-06-23 08:00,observado,5.630,0.098,0.386,8.231,17.467
P3,-69,2026-06-23 09:00,observado,5.667,0.167,0.398,8.265,17.600
P3,-68,2026-06-23 10:00,observado,5.717,0.214,0.428,8.257,17.808
P3,-67,2026-06-23 11:00,observado,5.776,0.242,0.456,8.261,18.038
P3,-66,2026-06-23 12:00,observado,5.858,0.276,0.479,8.291,18.274
P3,-65,2026-06-23 13:00,observado,5.870,0.289,0.483,8.264,18.482
P3,-64,2026-06-23 14:00,observado,5.950,0.282,0.464,8.217,18.738
P3,-63,2026-06-23 15:00,observado,5.909,0.223,0.443,8.157,18.954
P3,-62,2026-06-23 16:00,observado,5.883,0.165,0.416,8.088,19.131
P3,-61,2026-06-23 17:00,observado,5.794,0.111,0.395,7.996,19.237
P3,-60,2026-06-23 18:00,observado,5.668,0.093,0.379,7.905,19.261
P3,-59,2026-06-23 19:00,observado,5.690,0.081,0.371,7.921,19.236
P3,-58,2026-06-23 20:00,observado,5.712,0.098,0.373,7.949,19.124
P3,-57,2026-06-23 21:00,observado,5.842,0.129,0.386,8.009,19.017
P3,-56,2026-06-23 22:00,observado,5.824,0.180,0.408,8.065,18.777
P3,-55,2026-06-23 23:00,observado,5.799,0.241,0.442,8.101,18.555
P3,-54,2026-06-24 00:00,observado,5.867,0.271,0.466,8.190,18.278
P3,-53,2026-06-24 01:00,observado,5.907,0.270,0.478,8.304,18.033
P3,-52,2026-06-24 02:00,observado,5.928,0.252,0.473,8.421,17.744
P3,-51,2026-06-24 03:00,observado,5.858,0.243,0.453,8.402,17.532
P3,-50,2026-06-24 04:00,observado,5.790,0.221,0.428,8.338,17.418
P3,-49,2026-06-24 05:00,observado,5.765,0.178,0.398,8.285,17.316
P3,-48,2026-06-24 06:00,observado,5.707,0.123,0.377,8.326,17.310
P3,-47,2026-06-24 07:00,observado,5.703,0.107,0.366,8.366,17.344
P3,-46,2026-06-24 08:00,observado,5.703,0.091,0.366,8.291,17.475
P3,-45,2026-06-24 09:00,observado,5.784,0.122,0.374,8.254,17.624
P3,-44,2026-06-24 10:00,observado,5.892,0.139,0.400,8.247,17.840
P3,-43,2026-06-24 11:00,observado,5.895,0.182,0.432,8.302,18.107
P3,-42,2026-06-24 12:00,observado,5.913,0.190,0.462,8.311,18.396
P3,-41,2026-06-24 13:00,observado,5.849,0.223,0.473,8.263,18.570
P3,-40,2026-06-24 14:00,observado,5.884,0.229,0.464,8.204,18.830
P3,-39,2026-06-24 15:00,observado,5.876,0.230,0.457,8.123,18.989
P3,-38,2026-06-24 16:00,observado,5.859,0.195,0.436,7.969,19.195
P3,-37,2026-06-24 17:00,observado,5.811,0.169,0.414,7.989,19.246
P3,-36,2026-06-24 18:00,observado,5.705,0.112,0.383,7.917,19.260
P3,-35,2026-06-24 19:00,observado,5.672,0.068,0.363,8.015,19.199
P3,-34,2026-06-24 20:00,observado,5.676,0.047,0.362,7.968,19.073
P3,-33,2026-06-24 21:00,observado,5.759,0.062,0.369,8.017,18.985
P3,-32,2026-06-24 22:00,observado,5.833,0.125,0.391,8.090,18.811
P3,-31,2026-06-24 23:00,observado,5.858,0.196,0.417,8.184,18.663
P3,-30,2026-06-25 00:00,observado,5.927,0.252,0.448,8.284,18.424
P3,-29,2026-06-25 01:00,observado,5.958,0.300,0.469,8.301,18.100
P3,-28,2026-06-25 02:00,observado,5.990,0.271,0.473,8.333,17.811
P3,-27,2026-06-25 03:00,observado,5.919,0.253,0.468,8.386,17.529
P3,-26,2026-06-25 04:00,observado,5.916,0.208,0.446,8.436,17.419
P3,-25,2026-06-25 05:00,observado,5.838,0.186,0.431,8.456,17.272
P3,-24,2026-06-25 06:00,observado,5.795,0.148,0.408,8.472,17.294
P3,-23,2026-06-25 07:00,observado,5.738,0.117,0.384,8.461,17.335
P3,-22,2026-06-25 08:00,observado,5.790,0.104,0.370,8.451,17.459
P3,-21,2026-06-25 09:00,observado,5.770,0.095,0.367,8.378,17.577
P3,-20,2026-06-25 10:00,observado,5.730,0.107,0.391,8.378,17.770
P3,-19,2026-06-25 11:00,observado,5.689,0.130,0.405,8.298,18.033
P3,-18,2026-06-25 12:00,observado,5.824,0.184,0.434,8.236,18.262
P3,-17,2026-06-25 13:00,observado,5.870,0.226,0.457,8.145,18.520
P3,-16,2026-06-25 14:00,observado,5.897,0.263,0.477,8.170,18.753
P3,-15,2026-06-25 15:00,observado,5.901,0.263,0.477,8.167,18.947
P3,-14,2026-06-25 16:00,observado,5.930,0.248,0.457,8.101,19.126
P3,-13,2026-06-25 17:00,observado,5.933,0.193,0.431,8.011,19.215
P3,-12,2026-06-25 18:00,observado,5.796,0.146,0.395,7.919,19.285
P3,-11,2026-06-25 19:00,observado,5.699,0.085,0.374,7.896,19.282
P3,-10,2026-06-25 20:00,observado,5.677,0.080,0.359,7.943,19.163
P3,-9,2026-06-25 21:00,observado,5.714,0.058,0.364,8.081,19.021
P3,-8,2026-06-25 22:00,observado,5.789,0.078,0.374,8.125,18.713
P3,-7,2026-06-25 23:00,observado,5.837,0.107,0.395,8.146,18.525
P3,-6,2026-06-26 00:00,observado,5.863,0.176,0.419,8.131,18.228
P3,-5,2026-06-26 01:00,observado,5.938,0.223,0.451,8.274,18.052
P3,-4,2026-06-26 02:00,observado,5.932,0.261,0.477,8.328,17.756
P3,-3,2026-06-26 03:00,observado,5.965,0.274,0.485,8.392,17.607
P3,-2,2026-06-26 04:00,observado,5.912,0.270,0.473,8.389,17.437
P3,-1,2026-06-26 05:00,observado,5.858,0.239,0.450,8.373,17.355
P3,0,2026-06-26 06:00,previsto,5.814,0.206,0.422,8.307,17.308
P3,1,2026-06-26 07:00,previsto,5.792,0.148,0.392,8.268,17.317
P3,2,2026-06-26 08:00,previsto,5.747,0.120,0.368,8.247,17.447
P3,3,2026-06-26 09:00,previsto,5.680,0.105,0.359,8.288,17.605
P3,4,2026-06-26 10:00,previsto,5.663,0.108,0.371,8.292,17.810
P3,5,2026-06-26 11:00,previsto,5.715,0.132,0.389,8.303,18.034
P3,6,2026-06-26 12:00,previsto,5.820,0.160,0.415,8.265,18.270
P3,7,2026-06-26 13:00,previsto,5.874,0.206,0.434,8.172,18.566
P3,8,2026-06-26 14:00,previsto,5.956,0.243,0.458,8.106,18.818
P3,9,2026-06-26 15:00,previsto,5.981,0.258,0.468,8.099,19.002
P3,10,2026-06-26 16:00,previsto,5.975,0.274,0.469,8.108,19.124
P3,11,2026-06-26 17:00,previsto,5.927,0.230,0.457,8.084,19.206
P3,12,2026-06-26 18:00,previsto,5.894,0.166,0.435,8.018,19.228
P3,13,2026-06-26 19:00,previsto,5.776,0.137,0.404,7.971,19.205
P3,14,2026-06-26 20:00,previsto,5.744,0.127,0.376,7.984,19.097
P3,15,2026-06-26 21:00,previsto,5.653,0.135,0.365,8.056,19.049
P3,16,2026-06-26 22:00,previsto,5.673,0.145,0.373,8.107,18.892
P3,17,2026-06-26 23:00,previsto,5.650,0.125,0.388,8.120,18.660
P3,18,2026-06-27 00:00,previsto,5.713,0.164,0.411,8.154,18.306
P3,19,2026-06-27 01:00,previsto,5.818,0.186,0.429,8.205,18.000
P3,20,2026-06-27 02:00,previsto,5.924,0.248,0.464,8.303,17.767
P3,21,2026-06-27 03:00,previsto,5.931,0.276,0.473,8.340,17.586
P3,22,2026-06-27 04:00,previsto,5.924,0.249,0.481,8.396,17.451
P3,23,2026-06-27 05:00,previsto,5.886,0.237,0.469,8.415,17.390
